chunk_idx,document_id,cosine
0,ead40ca0-aeb1-40f6-a028-206307d13c6d,0.999999
1,4ad69286-e9c3-42b2-8f8e-94b79514dcf1,1.0
2,bcbedf40-f904-46db-b738-dd7f168a3cb1,0.999997
3,4ad69286-e9c3-42b2-8f8e-94b79514dcf1,1.0
4,29649729-03a0-40d6-b4f5-18cc82149aa2,1.0
5,ead40ca0-aeb1-40f6-a028-206307d13c6d,1.0
6,4c49b3e9-c874-417b-b0a8-d9ba5b913ac7,1.0
7,4bbaa98d-16e3-47f9-b638-db59a89fd0d0,1.0
8,d032750b-a052-424f-ac02-8e3f373bf045,1.0
9,4bbaa98d-16e3-47f9-b638-db59a89fd0d0,1.0
10,d61cb3eb-69d4-4782-b761-0ad6c4c67e90,0.999997
11,88039f1b-db41-4c7b-949c-dc60662b61a3,0.999999
12,2575a5c0-191f-48d7-adc3-dbfe51d18f70,0.999999
13,29649729-03a0-40d6-b4f5-18cc82149aa2,0.999999
14,88039f1b-db41-4c7b-949c-dc60662b61a3,1.0
15,29649729-03a0-40d6-b4f5-18cc82149aa2,0.999999
16,d61cb3eb-69d4-4782-b761-0ad6c4c67e90,0.999977
17,2575a5c0-191f-48d7-adc3-dbfe51d18f70,0.999997
18,6ddca1d1-a79f-40e5-a17d-c12c67e9100b,1.0
19,ead40ca0-aeb1-40f6-a028-206307d13c6d,1.0
20,88039f1b-db41-4c7b-949c-dc60662b61a3,0.999997
21,4c49b3e9-c874-417b-b0a8-d9ba5b913ac7,1.0
22,88039f1b-db41-4c7b-949c-dc60662b61a3,0.999999
23,88039f1b-db41-4c7b-949c-dc60662b61a3,0.999999
24,d77e32f2-f5e4-4ab0-98be-b635338db4b8,1.0
25,ead40ca0-aeb1-40f6-a028-206307d13c6d,0.999999
26,ead40ca0-aeb1-40f6-a028-206307d13c6d,0.999999
27,88039f1b-db41-4c7b-949c-dc60662b61a3,1.0
28,ed413eb8-bafb-4f68-bdac-9cf8cd73ee0f,0.999999
29,4ad69286-e9c3-42b2-8f8e-94b79514dcf1,1.0
30,2575a5c0-191f-48d7-adc3-dbfe51d18f70,1.0
31,f9041687-3020-4fcc-809e-1aea5f3bbde3,0.999996
32,d77e32f2-f5e4-4ab0-98be-b635338db4b8,1.0
33,2575a5c0-191f-48d7-adc3-dbfe51d18f70,0.999998
34,5d8422e3-1d76-48c7-baf9-3c389be15738,0.999999
35,4ad69286-e9c3-42b2-8f8e-94b79514dcf1,1.0
36,29649729-03a0-40d6-b4f5-18cc82149aa2,1.0
37,4c49b3e9-c874-417b-b0a8-d9ba5b913ac7,0.999999
38,2575a5c0-191f-48d7-adc3-dbfe51d18f70,1.0
39,2575a5c0-191f-48d7-adc3-dbfe51d18f70,0.999999
40,4c49b3e9-c874-417b-b0a8-d9ba5b913ac7,0.999999
41,d61cb3eb-69d4-4782-b761-0ad6c4c67e90,1.0
42,d61cb3eb-69d4-4782-b761-0ad6c4c67e90,0.999999
43,4bbaa98d-16e3-47f9-b638-db59a89fd0d0,0.999999
44,d61cb3eb-69d4-4782-b761-0ad6c4c67e90,0.999999
45,88039f1b-db41-4c7b-949c-dc60662b61a3,0.999999
46,88039f1b-db41-4c7b-949c-dc60662b61a3,1.0
47,d032750b-a052-424f-ac02-8e3f373bf045,1.0
48,2575a5c0-191f-48d7-adc3-dbfe51d18f70,0.948862
49,4bbaa98d-16e3-47f9-b638-db59a89fd0d0,1.0
50,88039f1b-db41-4c7b-949c-dc60662b61a3,1.0
51,29649729-03a0-40d6-b4f5-18cc82149aa2,1.0
52,4c49b3e9-c874-417b-b0a8-d9ba5b913ac7,0.999999
53,4c49b3e9-c874-417b-b0a8-d9ba5b913ac7,1.0
54,6ddca1d1-a79f-40e5-a17d-c12c67e9100b,0.999998
55,4c49b3e9-c874-417b-b0a8-d9ba5b913ac7,0.999999
56,f9041687-3020-4fcc-809e-1aea5f3bbde3,0.999999
57,6ddca1d1-a79f-40e5-a17d-c12c67e9100b,0.999998
58,ead40ca0-aeb1-40f6-a028-206307d13c6d,1.0
59,ed413eb8-bafb-4f68-bdac-9cf8cd73ee0f,1.0
60,2575a5c0-191f-48d7-adc3-dbfe51d18f70,1.0
61,4c49b3e9-c874-417b-b0a8-d9ba5b913ac7,1.0
62,88039f1b-db41-4c7b-949c-dc60662b61a3,0.999999
63,5d8422e3-1d76-48c7-baf9-3c389be15738,0.999993
64,d77e32f2-f5e4-4ab0-98be-b635338db4b8,1.0
65,4c49b3e9-c874-417b-b0a8-d9ba5b913ac7,0.999999
66,4c49b3e9-c874-417b-b0a8-d9ba5b913ac7,0.99989
67,ed413eb8-bafb-4f68-bdac-9cf8cd73ee0f,1.0
68,bcbedf40-f904-46db-b738-dd7f168a3cb1,0.999999
69,d77e32f2-f5e4-4ab0-98be-b635338db4b8,1.0
70,4ad69286-e9c3-42b2-8f8e-94b79514dcf1,0.999998
71,4c49b3e9-c874-417b-b0a8-d9ba5b913ac7,0.999999
72,ead40ca0-aeb1-40f6-a028-206307d13c6d,0.999999
73,ead40ca0-aeb1-40f6-a028-206307d13c6d,0.999999
74,ed413eb8-bafb-4f68-bdac-9cf8cd73ee0f,0.999998
75,2575a5c0-191f-48d7-adc3-dbfe51d18f70,0.999999
76,88039f1b-db41-4c7b-949c-dc60662b61a3,1.0
77,4c49b3e9-c874-417b-b0a8-d9ba5b913ac7,0.999999
78,ead40ca0-aeb1-40f6-a028-206307d13c6d,1.0
79,2575a5c0-191f-48d7-adc3-dbfe51d18f70,0.999999
80,ead40ca0-aeb1-40f6-a028-206307d13c6d,1.0
81,ed413eb8-bafb-4f68-bdac-9cf8cd73ee0f,1.0
82,ed413eb8-bafb-4f68-bdac-9cf8cd73ee0f,0.999999
83,4bbaa98d-16e3-47f9-b638-db59a89fd0d0,0.999999
84,ead40ca0-aeb1-40f6-a028-206307d13c6d,0.999999
85,d61cb3eb-69d4-4782-b761-0ad6c4c67e90,0.999999
86,4c49b3e9-c874-417b-b0a8-d9ba5b913ac7,0.999999
87,f9041687-3020-4fcc-809e-1aea5f3bbde3,1.0
88,4ad69286-e9c3-42b2-8f8e-94b79514dcf1,0.999997
89,88039f1b-db41-4c7b-949c-dc60662b61a3,1.0
90,88039f1b-db41-4c7b-949c-dc60662b61a3,0.999999
91,ed413eb8-bafb-4f68-bdac-9cf8cd73ee0f,1.0
92,d77e32f2-f5e4-4ab0-98be-b635338db4b8,1.0
93,d032750b-a052-424f-ac02-8e3f373bf045,0.999999
94,d61cb3eb-69d4-4782-b761-0ad6c4c67e90,0.999999
95,88039f1b-db41-4c7b-949c-dc60662b61a3,1.0
96,bcbedf40-f904-46db-b738-dd7f168a3cb1,1.0
97,ead40ca0-aeb1-40f6-a028-206307d13c6d,0.999999
98,5d8422e3-1d76-48c7-baf9-3c389be15738,0.999999
99,4bbaa98d-16e3-47f9-b638-db59a89fd0d0,1.0
100,6ddca1d1-a79f-40e5-a17d-c12c67e9100b,1.0
101,d61cb3eb-69d4-4782-b761-0ad6c4c67e90,1.0
102,ead40ca0-aeb1-40f6-a028-206307d13c6d,0.999998
103,88039f1b-db41-4c7b-949c-dc60662b61a3,1.0
104,5d8422e3-1d76-48c7-baf9-3c389be15738,1.0
105,d032750b-a052-424f-ac02-8e3f373bf045,1.0
106,29649729-03a0-40d6-b4f5-18cc82149aa2,0.999999
107,f9041687-3020-4fcc-809e-1aea5f3bbde3,1.0
108,d77e32f2-f5e4-4ab0-98be-b635338db4b8,0.999992
109,4c49b3e9-c874-417b-b0a8-d9ba5b913ac7,1.0
110,29649729-03a0-40d6-b4f5-18cc82149aa2,0.999998
111,88039f1b-db41-4c7b-949c-dc60662b61a3,1.0
112,ead40ca0-aeb1-40f6-a028-206307d13c6d,1.0
113,bcbedf40-f904-46db-b738-dd7f168a3cb1,0.999999
114,29649729-03a0-40d6-b4f5-18cc82149aa2,1.0
115,ead40ca0-aeb1-40f6-a028-206307d13c6d,1.0
116,d61cb3eb-69d4-4782-b761-0ad6c4c67e90,1.0
117,f9041687-3020-4fcc-809e-1aea5f3bbde3,1.0
118,5d8422e3-1d76-48c7-baf9-3c389be15738,0.999998
119,4ad69286-e9c3-42b2-8f8e-94b79514dcf1,0.999999
120,88039f1b-db41-4c7b-949c-dc60662b61a3,1.0
121,d61cb3eb-69d4-4782-b761-0ad6c4c67e90,0.999997
122,88039f1b-db41-4c7b-949c-dc60662b61a3,0.999999
123,bcbedf40-f904-46db-b738-dd7f168a3cb1,0.999996
124,d61cb3eb-69d4-4782-b761-0ad6c4c67e90,1.0
125,88039f1b-db41-4c7b-949c-dc60662b61a3,1.0
126,ead40ca0-aeb1-40f6-a028-206307d13c6d,1.0
127,29649729-03a0-40d6-b4f5-18cc82149aa2,0.999998
128,4bbaa98d-16e3-47f9-b638-db59a89fd0d0,0.999998
129,ead40ca0-aeb1-40f6-a028-206307d13c6d,1.0
130,d032750b-a052-424f-ac02-8e3f373bf045,0.999996
131,d61cb3eb-69d4-4782-b761-0ad6c4c67e90,1.0
132,88039f1b-db41-4c7b-949c-dc60662b61a3,1.0
133,d77e32f2-f5e4-4ab0-98be-b635338db4b8,0.999999
134,ead40ca0-aeb1-40f6-a028-206307d13c6d,0.999999
135,4ad69286-e9c3-42b2-8f8e-94b79514dcf1,0.999999
136,4ad69286-e9c3-42b2-8f8e-94b79514dcf1,1.0
137,ed413eb8-bafb-4f68-bdac-9cf8cd73ee0f,0.999996
138,5d8422e3-1d76-48c7-baf9-3c389be15738,1.0
139,6ddca1d1-a79f-40e5-a17d-c12c67e9100b,0.999999
140,d61cb3eb-69d4-4782-b761-0ad6c4c67e90,1.0
141,4ad69286-e9c3-42b2-8f8e-94b79514dcf1,0.999999
142,4bbaa98d-16e3-47f9-b638-db59a89fd0d0,0.999999
143,5d8422e3-1d76-48c7-baf9-3c389be15738,0.999999
144,ead40ca0-aeb1-40f6-a028-206307d13c6d,0.999979
145,ead40ca0-aeb1-40f6-a028-206307d13c6d,1.0
146,2575a5c0-191f-48d7-adc3-dbfe51d18f70,1.0
147,5d8422e3-1d76-48c7-baf9-3c389be15738,0.999998
148,4c49b3e9-c874-417b-b0a8-d9ba5b913ac7,1.0
149,f9041687-3020-4fcc-809e-1aea5f3bbde3,0.999994
150,4c49b3e9-c874-417b-b0a8-d9ba5b913ac7,1.0
151,2575a5c0-191f-48d7-adc3-dbfe51d18f70,0.999999
152,d61cb3eb-69d4-4782-b761-0ad6c4c67e90,0.999998
153,6ddca1d1-a79f-40e5-a17d-c12c67e9100b,1.0
154,2575a5c0-191f-48d7-adc3-dbfe51d18f70,0.999995
155,ead40ca0-aeb1-40f6-a028-206307d13c6d,0.999999
156,d61cb3eb-69d4-4782-b761-0ad6c4c67e90,0.999999
157,d032750b-a052-424f-ac02-8e3f373bf045,0.999999
158,d61cb3eb-69d4-4782-b761-0ad6c4c67e90,0.999999
159,4bbaa98d-16e3-47f9-b638-db59a89fd0d0,0.999998
160,d61cb3eb-69d4-4782-b761-0ad6c4c67e90,1.0
161,88039f1b-db41-4c7b-949c-dc60662b61a3,0.999999
162,4c49b3e9-c874-417b-b0a8-d9ba5b913ac7,1.0
163,6ddca1d1-a79f-40e5-a17d-c12c67e9100b,1.0
164,29649729-03a0-40d6-b4f5-18cc82149aa2,1.0
165,d61cb3eb-69d4-4782-b761-0ad6c4c67e90,1.0
166,4ad69286-e9c3-42b2-8f8e-94b79514dcf1,0.999999
167,ead40ca0-aeb1-40f6-a028-206307d13c6d,0.999998
168,ead40ca0-aeb1-40f6-a028-206307d13c6d,1.0
169,4ad69286-e9c3-42b2-8f8e-94b79514dcf1,1.0
170,4c49b3e9-c874-417b-b0a8-d9ba5b913ac7,1.0
171,4c49b3e9-c874-417b-b0a8-d9ba5b913ac7,1.0
172,88039f1b-db41-4c7b-949c-dc60662b61a3,1.0
173,ead40ca0-aeb1-40f6-a028-206307d13c6d,1.0
174,ead40ca0-aeb1-40f6-a028-206307d13c6d,1.0
175,88039f1b-db41-4c7b-949c-dc60662b61a3,1.0
176,d77e32f2-f5e4-4ab0-98be-b635338db4b8,0.999999
177,ead40ca0-aeb1-40f6-a028-206307d13c6d,0.999999
178,2575a5c0-191f-48d7-adc3-dbfe51d18f70,0.999998
179,4ad69286-e9c3-42b2-8f8e-94b79514dcf1,1.0
180,29649729-03a0-40d6-b4f5-18cc82149aa2,1.0
181,ead40ca0-aeb1-40f6-a028-206307d13c6d,1.0
182,d61cb3eb-69d4-4782-b761-0ad6c4c67e90,0.999999
183,4c49b3e9-c874-417b-b0a8-d9ba5b913ac7,0.999999
184,88039f1b-db41-4c7b-949c-dc60662b61a3,1.0
185,ead40ca0-aeb1-40f6-a028-206307d13c6d,0.999999
186,2575a5c0-191f-48d7-adc3-dbfe51d18f70,0.999998
187,d032750b-a052-424f-ac02-8e3f373bf045,0.999999
188,4ad69286-e9c3-42b2-8f8e-94b79514dcf1,1.0
189,ead40ca0-aeb1-40f6-a028-206307d13c6d,0.999999
190,d61cb3eb-69d4-4782-b761-0ad6c4c67e90,0.999999
191,4bbaa98d-16e3-47f9-b638-db59a89fd0d0,0.999999
192,ead40ca0-aeb1-40f6-a028-206307d13c6d,1.0
193,5d8422e3-1d76-48c7-baf9-3c389be15738,1.0
194,4c49b3e9-c874-417b-b0a8-d9ba5b913ac7,0.999999
195,2575a5c0-191f-48d7-adc3-dbfe51d18f70,0.972359
196,d61cb3eb-69d4-4782-b761-0ad6c4c67e90,1.0
197,d77e32f2-f5e4-4ab0-98be-b635338db4b8,1.0
198,ed413eb8-bafb-4f68-bdac-9cf8cd73ee0f,0.999997
199,2575a5c0-191f-48d7-adc3-dbfe51d18f70,0.999995
200,ead40ca0-aeb1-40f6-a028-206307d13c6d,0.999997
201,d77e32f2-f5e4-4ab0-98be-b635338db4b8,1.0
202,4bbaa98d-16e3-47f9-b638-db59a89fd0d0,1.0
203,d032750b-a052-424f-ac02-8e3f373bf045,0.999999
204,d77e32f2-f5e4-4ab0-98be-b635338db4b8,0.999998
205,88039f1b-db41-4c7b-949c-dc60662b61a3,0.999999
206,ead40ca0-aeb1-40f6-a028-206307d13c6d,1.0
207,4c49b3e9-c874-417b-b0a8-d9ba5b913ac7,0.999999
208,29649729-03a0-40d6-b4f5-18cc82149aa2,0.999999
209,4bbaa98d-16e3-47f9-b638-db59a89fd0d0,1.0
210,4ad69286-e9c3-42b2-8f8e-94b79514dcf1,1.0
211,d032750b-a052-424f-ac02-8e3f373bf045,0.999999
212,29649729-03a0-40d6-b4f5-18cc82149aa2,0.999999
213,d61cb3eb-69d4-4782-b761-0ad6c4c67e90,1.0
214,5d8422e3-1d76-48c7-baf9-3c389be15738,1.0
215,6ddca1d1-a79f-40e5-a17d-c12c67e9100b,0.999999
216,d61cb3eb-69d4-4782-b761-0ad6c4c67e90,0.999999
217,29649729-03a0-40d6-b4f5-18cc82149aa2,0.999998
218,d77e32f2-f5e4-4ab0-98be-b635338db4b8,1.0
